model,learning_rate,val_loss,val_accuracy,run_time
bn,0.003,1.4563872814178467,0.5045999884605408,520.4151997566223
bn,0.001,1.3956321477890015,0.5110666751861572,717.9942605495453
bn,0.0009,1.3797200918197632,0.5217999815940857,733.929146528244
bn,0.0007,1.388961672782898,0.5152000188827515,889.8700525760651
bn,0.0005,1.4182002544403076,0.5067999958992004,873.4353492259979
bn,0.0003,1.42620849609375,0.5012666583061218,930.0579633712769
bn,0.0001,1.39628005027771,0.509933352470398,883.4159832000732
bn,0.0009,1.4099316596984863,0.5257999897003174,1439.1111249923706
bn,-1.0,1.3366979360580444,0.5272666811943054,1434.4074876308441
