learning_rate,val_loss,val_accuracy,run_time
0.009,1.7891700267791748,0.43033334612846375,350.4925010204315
0.007,2.5062873363494873,0.33986666798591614,276.69400453567505
0.005,1.603674292564392,0.5035333037376404,678.684499502182
0.001,1.4196561574935913,0.515666663646698,462.7549970149994
0.0009,1.43096923828125,0.5208666920661926,531.0440011024475
0.0007,1.3867853879928589,0.5216666460037231,472.5919997692108
0.0005,1.3977652788162231,0.5214666724205017,502.0789968967438
