model,learning_rate,val_loss,val_accuracy,run_time
bn,0.003,1.456387281,0.504599988,520.4151998
bn,0.001,1.395632148,0.511066675,717.9942605
bn,0.0009,1.379720092,0.521799982,733.9291465
bn,0.0007,1.388961673,0.515200019,889.8700526
bn,0.0005,1.418200254,0.506799996,873.4353492
bn,0.0003,1.426208496,0.501266658,930.0579634
bn,0.0001,1.39628005,0.509933352,883.4159832
bn best,0.0009,1.40993166,0.52579999,1439.111125
bn best,-1,1.336697936,0.527266681,1434.407488
