learning_rate,val_loss,val_accuracy,run_time
0.003,1.42536199092865,0.5209333300590515,434.5583646297455
0.001,1.4196561574935913,0.515666663646698,462.7549970149994
0.0009,1.43096923828125,0.5208666920661926,531.0440011024475
0.0007,1.3867853879928589,0.5216666460037231,472.5919997692108
0.0005,1.3977652788162231,0.5214666724205017,502.0789968967438
0.0003,1.3963525295257568,0.5147333145141602,426.1714744567871
0.0001,1.403204321861267,0.5152000188827515,441.10162591934204
-1.0,1.3937278985977173,0.5302666425704956,711.8027048110962
