model,learning_rate,val_loss,val_accuracy,run_time
selu,0.001,1.553049207,0.47846666,434.0099597
selu,0.0009,1.572544694,0.463133335,367.8437922
selu,0.0007,1.585453272,0.495666653,469.7224145
selu,0.0005,1.625845909,0.497666657,411.8087645
selu,0.0003,1.498352766,0.486799985,421.0242021
selu,0.0001,1.520684838,0.473933339,655.8355553
selu best,0.001,1.520336151,0.483666658,771.4836936
selu best,-1,1.463999271,0.490066677,567.8249719
