model,learning_rate,val_loss,val_accuracy,run_time
selu,0.001,1.5530492067337036,0.478466659784317,434.0099596977234
selu,0.0009,1.5725446939468384,0.4631333351135254,367.8437922000885
selu,0.0007,1.5854532718658447,0.49566665291786194,469.7224144935608
selu,0.0005,1.6258459091186523,0.4976666569709778,411.80876445770264
selu,0.0003,1.4983527660369873,0.4867999851703644,421.0242021083832
selu,0.0001,1.520684838294983,0.4739333391189575,655.8355553150177
selu,0.001,1.5203361511230469,0.48366665840148926,771.4836935997009
selu,-1.0,1.4639992713928223,0.49006667733192444,567.8249719142914
